Date,Time,Local Network Name,Node ID,Sample Count,Success %,Min Temp (C),Max Temp (C),Avg Temp (C),Std Dev (C)
2026-10-04,15:56:27,HZ-SERVER.local,NODE_00,3597,99.9,29.94,30.31,30.1107,0.0849
2026-10-04,15:56:27,HZ-NODE-01.local,NODE_01,0,0.0,--.--,--.--,--.----,--.----
2026-10-04,15:56:27,HZ-NODE-02.local,NODE_02,0,0.0,--.--,--.--,--.----,--.----
2026-10-04,15:56:27,HZ-NODE-03.local,NODE_03,0,0.0,--.--,--.--,--.----,--.----
2026-10-04,15:56:27,HZ-NODE-04.local,NODE_04,0,0.0,--.--,--.--,--.----,--.----
2026-10-04,15:56:27,HZ-NODE-05.local,NODE_05,1798,49.9,30.19,30.56,30.3149,0.0997
2026-10-04,15:56:27,HZ-NODE-06.local,NODE_06,0,0.0,--.--,--.--,--.----,--.----
2026-10-04,15:56:27,HZ-NODE-07.local,NODE_07,0,0.0,--.--,--.--,--.----,--.----
2026-10-04,15:56:27,HZ-NODE-08.local,NODE_08,0,0.0,--.--,--.--,--.----,--.----
2026-10-04,15:56:27,HZ-NODE-09.local,NODE_09,0,0.0,--.--,--.--,--.----,--.----
2026-10-04,15:56:27,HZ-NODE-10.local,NODE_10,1799,50.0,30.06,30.56,30.2180,0.1260
2026-10-04,15:56:27,HZ-NODE-11.local,NODE_11,0,0.0,--.--,--.--,--.----,--.----
2026-10-04,15:56:27,HZ-NODE-12.local,NODE_12,0,0.0,--.--,--.--,--.----,--.----
2026-10-04,15:56:27,HZ-NODE-13.local,NODE_13,0,0.0,--.--,--.--,--.----,--.----
2026-10-04,15:56:27,HZ-NODE-14.local,NODE_14,0,0.0,--.--,--.--,--.----,--.----
2026-10-04,15:56:27,HZ-NODE-15.local,NODE_15,1798,49.9,30.19,30.62,30.3339,0.1161
2026-10-04,16:56:28,HZ-SERVER.local,NODE_00,3597,99.9,29.88,30.12,29.9927,0.0395
2026-10-04,16:56:28,HZ-NODE-01.local,NODE_01,0,0.0,--.--,--.--,--.----,--.----
2026-10-04,16:56:28,HZ-NODE-02.local,NODE_02,0,0.0,--.--,--.--,--.----,--.----
2026-10-04,16:56:28,HZ-NODE-03.local,NODE_03,0,0.0,--.--,--.--,--.----,--.----
2026-10-04,16:56:28,HZ-NODE-04.local,NODE_04,0,0.0,--.--,--.--,--.----,--.----
2026-10-04,16:56:28,HZ-NODE-05.local,NODE_05,1799,50.0,30.12,30.31,30.2042,0.0339
2026-10-04,16:56:28,HZ-NODE-06.local,NODE_06,0,0.0,--.--,--.--,--.----,--.----
2026-10-04,16:56:28,HZ-NODE-07.local,NODE_07,0,0.0,--.--,--.--,--.----,--.----
2026-10-04,16:56:28,HZ-NODE-08.local,NODE_08,0,0.0,--.--,--.--,--.----,--.----
2026-10-04,16:56:28,HZ-NODE-09.local,NODE_09,0,0.0,--.--,--.--,--.----,--.----
2026-10-04,16:56:28,HZ-NODE-10.local,NODE_10,1798,49.9,30.00,30.19,30.1150,0.0356
2026-10-04,16:56:28,HZ-NODE-11.local,NODE_11,0,0.0,--.--,--.--,--.----,--.----
2026-10-04,16:56:28,HZ-NODE-12.local,NODE_12,0,0.0,--.--,--.--,--.----,--.----
2026-10-04,16:56:28,HZ-NODE-13.local,NODE_13,0,0.0,--.--,--.--,--.----,--.----
2026-10-04,16:56:28,HZ-NODE-14.local,NODE_14,0,0.0,--.--,--.--,--.----,--.----
2026-10-04,16:56:28,HZ-NODE-15.local,NODE_15,1798,49.9,30.12,30.31,30.2186,0.0340
2026-10-04,17:56:28,HZ-SERVER.local,NODE_00,3597,99.9,30.00,30.25,30.1532,0.0530
2026-10-04,17:56:28,HZ-NODE-01.local,NODE_01,0,0.0,--.--,--.--,--.----,--.----
2026-10-04,17:56:28,HZ-NODE-02.local,NODE_02,0,0.0,--.--,--.--,--.----,--.----
2026-10-04,17:56:28,HZ-NODE-03.local,NODE_03,0,0.0,--.--,--.--,--.----,--.----
2026-10-04,17:56:28,HZ-NODE-04.local,NODE_04,0,0.0,--.--,--.--,--.----,--.----
2026-10-04,17:56:28,HZ-NODE-05.local,NODE_05,1798,49.9,30.19,30.50,30.3785,0.0669
2026-10-04,17:56:28,HZ-NODE-06.local,NODE_06,0,0.0,--.--,--.--,--.----,--.----
2026-10-04,17:56:28,HZ-NODE-07.local,NODE_07,0,0.0,--.--,--.--,--.----,--.----
2026-10-04,17:56:28,HZ-NODE-08.local,NODE_08,0,0.0,--.--,--.--,--.----,--.----
2026-10-04,17:56:28,HZ-NODE-09.local,NODE_09,0,0.0,--.--,--.--,--.----,--.----
2026-10-04,17:56:28,HZ-NODE-10.local,NODE_10,1799,50.0,30.12,30.44,30.2942,0.0719
2026-10-04,17:56:28,HZ-NODE-11.local,NODE_11,0,0.0,--.--,--.--,--.----,--.----
2026-10-04,17:56:28,HZ-NODE-12.local,NODE_12,0,0.0,--.--,--.--,--.----,--.----
2026-10-04,17:56:28,HZ-NODE-13.local,NODE_13,0,0.0,--.--,--.--,--.----,--.----
2026-10-04,17:56:28,HZ-NODE-14.local,NODE_14,0,0.0,--.--,--.--,--.----,--.----
2026-10-04,17:56:28,HZ-NODE-15.local,NODE_15,1798,49.9,30.19,30.56,30.3918,0.0656
2026-10-04,18:56:29,HZ-SERVER.local,NODE_00,3597,99.9,29.94,30.25,30.1295,0.0779
2026-10-04,18:56:29,HZ-NODE-01.local,NODE_01,0,0.0,--.--,--.--,--.----,--.----
2026-10-04,18:56:29,HZ-NODE-02.local,NODE_02,0,0.0,--.--,--.--,--.----,--.----
2026-10-04,18:56:29,HZ-NODE-03.local,NODE_03,0,0.0,--.--,--.--,--.----,--.----
2026-10-04,18:56:29,HZ-NODE-04.local,NODE_04,0,0.0,--.--,--.--,--.----,--.----
2026-10-04,18:56:29,HZ-NODE-05.local,NODE_05,1799,50.0,30.19,30.50,30.3587,0.0772
2026-10-04,18:56:29,HZ-NODE-06.local,NODE_06,0,0.0,--.--,--.--,--.----,--.----
2026-10-04,18:56:29,HZ-NODE-07.local,NODE_07,0,0.0,--.--,--.--,--.----,--.----
2026-10-04,18:56:29,HZ-NODE-08.local,NODE_08,0,0.0,--.--,--.--,--.----,--.----
2026-10-04,18:56:29,HZ-NODE-09.local,NODE_09,0,0.0,--.--,--.--,--.----,--.----
2026-10-04,18:56:29,HZ-NODE-10.local,NODE_10,1798,49.9,30.12,30.44,30.3041,0.0592
2026-10-04,18:56:29,HZ-NODE-11.local,NODE_11,0,0.0,--.--,--.--,--.----,--.----
2026-10-04,18:56:29,HZ-NODE-12.local,NODE_12,0,0.0,--.--,--.--,--.----,--.----
2026-10-04,18:56:29,HZ-NODE-13.local,NODE_13,0,0.0,--.--,--.--,--.----,--.----
2026-10-04,18:56:29,HZ-NODE-14.local,NODE_14,0,0.0,--.--,--.--,--.----,--.----
2026-10-04,18:56:29,HZ-NODE-15.local,NODE_15,1798,49.9,30.25,30.50,30.4083,0.0566
2026-10-04,19:56:30,HZ-SERVER.local,NODE_00,3597,99.9,29.38,30.00,29.6801,0.1237
2026-10-04,19:56:30,HZ-NODE-01.local,NODE_01,0,0.0,--.--,--.--,--.----,--.----
2026-10-04,19:56:30,HZ-NODE-02.local,NODE_02,0,0.0,--.--,--.--,--.----,--.----
2026-10-04,19:56:30,HZ-NODE-03.local,NODE_03,0,0.0,--.--,--.--,--.----,--.----
2026-10-04,19:56:30,HZ-NODE-04.local,NODE_04,0,0.0,--.--,--.--,--.----,--.----
2026-10-04,19:56:30,HZ-NODE-05.local,NODE_05,1798,49.9,29.69,30.25,29.9358,0.1140
2026-10-04,19:56:30,HZ-NODE-06.local,NODE_06,0,0.0,--.--,--.--,--.----,--.----
2026-10-04,19:56:30,HZ-NODE-07.local,NODE_07,0,0.0,--.--,--.--,--.----,--.----
2026-10-04,19:56:30,HZ-NODE-08.local,NODE_08,0,0.0,--.--,--.--,--.----,--.----
2026-10-04,19:56:30,HZ-NODE-09.local,NODE_09,0,0.0,--.--,--.--,--.----,--.----
2026-10-04,19:56:30,HZ-NODE-10.local,NODE_10,1799,50.0,29.69,30.19,29.9266,0.1066
2026-10-04,19:56:30,HZ-NODE-11.local,NODE_11,0,0.0,--.--,--.--,--.----,--.----
2026-10-04,19:56:30,HZ-NODE-12.local,NODE_12,0,0.0,--.--,--.--,--.----,--.----
2026-10-04,19:56:30,HZ-NODE-13.local,NODE_13,0,0.0,--.--,--.--,--.----,--.----
2026-10-04,19:56:30,HZ-NODE-14.local,NODE_14,0,0.0,--.--,--.--,--.----,--.----
2026-10-04,19:56:30,HZ-NODE-15.local,NODE_15,1797,49.9,29.88,30.31,30.0439,0.1004
2026-10-04,20:56:30,HZ-SERVER.local,NODE_00,3597,99.9,29.25,29.75,29.4860,0.1118
2026-10-04,20:56:30,HZ-NODE-01.local,NODE_01,0,0.0,--.--,--.--,--.----,--.----
2026-10-04,20:56:30,HZ-NODE-02.local,NODE_02,0,0.0,--.--,--.--,--.----,--.----
2026-10-04,20:56:30,HZ-NODE-03.local,NODE_03,0,0.0,--.--,--.--,--.----,--.----
2026-10-04,20:56:30,HZ-NODE-04.local,NODE_04,0,0.0,--.--,--.--,--.----,--.----
2026-10-04,20:56:30,HZ-NODE-05.local,NODE_05,1799,50.0,29.50,29.94,29.7041,0.1119
2026-10-04,20:56:30,HZ-NODE-06.local,NODE_06,0,0.0,--.--,--.--,--.----,--.----
2026-10-04,20:56:30,HZ-NODE-07.local,NODE_07,0,0.0,--.--,--.--,--.----,--.----
2026-10-04,20:56:30,HZ-NODE-08.local,NODE_08,0,0.0,--.--,--.--,--.----,--.----
2026-10-04,20:56:30,HZ-NODE-09.local,NODE_09,0,0.0,--.--,--.--,--.----,--.----
2026-10-04,20:56:30,HZ-NODE-10.local,NODE_10,1798,49.9,29.44,29.94,29.6806,0.1007
2026-10-04,20:56:30,HZ-NODE-11.local,NODE_11,0,0.0,--.--,--.--,--.----,--.----
2026-10-04,20:56:30,HZ-NODE-12.local,NODE_12,0,0.0,--.--,--.--,--.----,--.----
2026-10-04,20:56:30,HZ-NODE-13.local,NODE_13,0,0.0,--.--,--.--,--.----,--.----
2026-10-04,20:56:30,HZ-NODE-14.local,NODE_14,0,0.0,--.--,--.--,--.----,--.----
2026-10-04,20:56:30,HZ-NODE-15.local,NODE_15,1798,49.9,29.56,30.00,29.7622,0.1071
2026-10-04,21:56:31,HZ-SERVER.local,NODE_00,3597,99.9,28.62,29.31,28.9746,0.1803
2026-10-04,21:56:31,HZ-NODE-01.local,NODE_01,0,0.0,--.--,--.--,--.----,--.----
2026-10-04,21:56:31,HZ-NODE-02.local,NODE_02,0,0.0,--.--,--.--,--.----,--.----
2026-10-04,21:56:31,HZ-NODE-03.local,NODE_03,0,0.0,--.--,--.--,--.----,--.----
2026-10-04,21:56:31,HZ-NODE-04.local,NODE_04,0,0.0,--.--,--.--,--.----,--.----
2026-10-04,21:56:31,HZ-NODE-05.local,NODE_05,1798,49.9,28.81,29.56,29.1886,0.1870
2026-10-04,21:56:31,HZ-NODE-06.local,NODE_06,0,0.0,--.--,--.--,--.----,--.----
2026-10-04,21:56:31,HZ-NODE-07.local,NODE_07,0,0.0,--.--,--.--,--.----,--.----
2026-10-04,21:56:31,HZ-NODE-08.local,NODE_08,0,0.0,--.--,--.--,--.----,--.----
2026-10-04,21:56:31,HZ-NODE-09.local,NODE_09,0,0.0,--.--,--.--,--.----,--.----
2026-10-04,21:56:31,HZ-NODE-10.local,NODE_10,1799,50.0,28.81,29.56,29.1619,0.2009
2026-10-04,21:56:31,HZ-NODE-11.local,NODE_11,0,0.0,--.--,--.--,--.----,--.----
2026-10-04,21:56:31,HZ-NODE-12.local,NODE_12,0,0.0,--.--,--.--,--.----,--.----
2026-10-04,21:56:31,HZ-NODE-13.local,NODE_13,0,0.0,--.--,--.--,--.----,--.----
2026-10-04,21:56:31,HZ-NODE-14.local,NODE_14,0,0.0,--.--,--.--,--.----,--.----
2026-10-04,21:56:31,HZ-NODE-15.local,NODE_15,1797,49.9,28.88,29.62,29.2687,0.1907
2026-10-04,22:56:31,HZ-SERVER.local,NODE_00,3597,99.9,28.25,28.69,28.4261,0.1009
2026-10-04,22:56:31,HZ-NODE-01.local,NODE_01,0,0.0,--.--,--.--,--.----,--.----
2026-10-04,22:56:31,HZ-NODE-02.local,NODE_02,0,0.0,--.--,--.--,--.----,--.----
2026-10-04,22:56:31,HZ-NODE-03.local,NODE_03,0,0.0,--.--,--.--,--.----,--.----
2026-10-04,22:56:31,HZ-NODE-04.local,NODE_04,0,0.0,--.--,--.--,--.----,--.----
2026-10-04,22:56:31,HZ-NODE-05.local,NODE_05,1799,50.0,28.50,28.94,28.6704,0.0971
2026-10-04,22:56:31,HZ-NODE-06.local,NODE_06,0,0.0,--.--,--.--,--.----,--.----
2026-10-04,22:56:31,HZ-NODE-07.local,NODE_07,0,0.0,--.--,--.--,--.----,--.----
2026-10-04,22:56:31,HZ-NODE-08.local,NODE_08,0,0.0,--.--,--.--,--.----,--.----
2026-10-04,22:56:31,HZ-NODE-09.local,NODE_09,0,0.0,--.--,--.--,--.----,--.----
2026-10-04,22:56:31,HZ-NODE-10.local,NODE_10,1798,49.9,28.50,28.88,28.6576,0.0868
2026-10-04,22:56:31,HZ-NODE-11.local,NODE_11,0,0.0,--.--,--.--,--.----,--.----
2026-10-04,22:56:31,HZ-NODE-12.local,NODE_12,0,0.0,--.--,--.--,--.----,--.----
2026-10-04,22:56:31,HZ-NODE-13.local,NODE_13,0,0.0,--.--,--.--,--.----,--.----
2026-10-04,22:56:31,HZ-NODE-14.local,NODE_14,0,0.0,--.--,--.--,--.----,--.----
2026-10-04,22:56:31,HZ-NODE-15.local,NODE_15,1797,49.9,28.62,29.00,28.7645,0.0820
2026-10-04,23:56:32,HZ-SERVER.local,NODE_00,3597,99.9,28.06,28.44,28.2507,0.0706
2026-10-04,23:56:32,HZ-NODE-01.local,NODE_01,0,0.0,--.--,--.--,--.----,--.----
2026-10-04,23:56:32,HZ-NODE-02.local,NODE_02,0,0.0,--.--,--.--,--.----,--.----
2026-10-04,23:56:32,HZ-NODE-03.local,NODE_03,0,0.0,--.--,--.--,--.----,--.----
2026-10-04,23:56:32,HZ-NODE-04.local,NODE_04,0,0.0,--.--,--.--,--.----,--.----
2026-10-04,23:56:32,HZ-NODE-05.local,NODE_05,1798,49.9,28.38,28.69,28.4897,0.0677
2026-10-04,23:56:32,HZ-NODE-06.local,NODE_06,0,0.0,--.--,--.--,--.----,--.----
2026-10-04,23:56:32,HZ-NODE-07.local,NODE_07,0,0.0,--.--,--.--,--.----,--.----
2026-10-04,23:56:32,HZ-NODE-08.local,NODE_08,0,0.0,--.--,--.--,--.----,--.----
2026-10-04,23:56:32,HZ-NODE-09.local,NODE_09,0,0.0,--.--,--.--,--.----,--.----
2026-10-04,23:56:32,HZ-NODE-10.local,NODE_10,1799,50.0,28.31,28.62,28.4806,0.0604
2026-10-04,23:56:32,HZ-NODE-11.local,NODE_11,0,0.0,--.--,--.--,--.----,--.----
2026-10-04,23:56:32,HZ-NODE-12.local,NODE_12,0,0.0,--.--,--.--,--.----,--.----
2026-10-04,23:56:32,HZ-NODE-13.local,NODE_13,0,0.0,--.--,--.--,--.----,--.----
2026-10-04,23:56:32,HZ-NODE-14.local,NODE_14,0,0.0,--.--,--.--,--.----,--.----
2026-10-04,23:56:32,HZ-NODE-15.local,NODE_15,1794,49.8,28.44,28.75,28.5894,0.0683
2026-10-05,00:56:32,HZ-SERVER.local,NODE_00,3597,99.9,27.81,28.19,28.0018,0.0884
2026-10-05,00:56:32,HZ-NODE-01.local,NODE_01,0,0.0,--.--,--.--,--.----,--.----
2026-10-05,00:56:32,HZ-NODE-02.local,NODE_02,0,0.0,--.--,--.--,--.----,--.----
2026-10-05,00:56:32,HZ-NODE-03.local,NODE_03,0,0.0,--.--,--.--,--.----,--.----
2026-10-05,00:56:32,HZ-NODE-04.local,NODE_04,0,0.0,--.--,--.--,--.----,--.----
2026-10-05,00:56:32,HZ-NODE-05.local,NODE_05,1799,50.0,28.06,28.44,28.2425,0.0902
2026-10-05,00:56:32,HZ-NODE-06.local,NODE_06,0,0.0,--.--,--.--,--.----,--.----
2026-10-05,00:56:32,HZ-NODE-07.local,NODE_07,0,0.0,--.--,--.--,--.----,--.----
2026-10-05,00:56:32,HZ-NODE-08.local,NODE_08,0,0.0,--.--,--.--,--.----,--.----
2026-10-05,00:56:32,HZ-NODE-09.local,NODE_09,0,0.0,--.--,--.--,--.----,--.----
2026-10-05,00:56:32,HZ-NODE-10.local,NODE_10,1798,49.9,28.06,28.44,28.2473,0.0841
2026-10-05,00:56:32,HZ-NODE-11.local,NODE_11,0,0.0,--.--,--.--,--.----,--.----
2026-10-05,00:56:32,HZ-NODE-12.local,NODE_12,0,0.0,--.--,--.--,--.----,--.----
2026-10-05,00:56:32,HZ-NODE-13.local,NODE_13,0,0.0,--.--,--.--,--.----,--.----
2026-10-05,00:56:32,HZ-NODE-14.local,NODE_14,0,0.0,--.--,--.--,--.----,--.----
2026-10-05,00:56:32,HZ-NODE-15.local,NODE_15,1798,49.9,28.12,28.50,28.3462,0.0891
2026-10-05,01:56:33,HZ-SERVER.local,NODE_00,3597,99.9,27.56,27.88,27.7344,0.0901
2026-10-05,01:56:33,HZ-NODE-01.local,NODE_01,0,0.0,--.--,--.--,--.----,--.----
2026-10-05,01:56:33,HZ-NODE-02.local,NODE_02,0,0.0,--.--,--.--,--.----,--.----
2026-10-05,01:56:33,HZ-NODE-03.local,NODE_03,0,0.0,--.--,--.--,--.----,--.----
2026-10-05,01:56:33,HZ-NODE-04.local,NODE_04,0,0.0,--.--,--.--,--.----,--.----
2026-10-05,01:56:33,HZ-NODE-05.local,NODE_05,1798,49.9,27.75,28.12,27.9681,0.0880
2026-10-05,01:56:33,HZ-NODE-06.local,NODE_06,0,0.0,--.--,--.--,--.----,--.----
2026-10-05,01:56:33,HZ-NODE-07.local,NODE_07,0,0.0,--.--,--.--,--.----,--.----
2026-10-05,01:56:33,HZ-NODE-08.local,NODE_08,0,0.0,--.--,--.--,--.----,--.----
2026-10-05,01:56:33,HZ-NODE-09.local,NODE_09,0,0.0,--.--,--.--,--.----,--.----
2026-10-05,01:56:33,HZ-NODE-10.local,NODE_10,1799,50.0,27.75,28.12,27.9636,0.0918
2026-10-05,01:56:33,HZ-NODE-11.local,NODE_11,0,0.0,--.--,--.--,--.----,--.----
2026-10-05,01:56:33,HZ-NODE-12.local,NODE_12,0,0.0,--.--,--.--,--.----,--.----
2026-10-05,01:56:33,HZ-NODE-13.local,NODE_13,0,0.0,--.--,--.--,--.----,--.----
2026-10-05,01:56:33,HZ-NODE-14.local,NODE_14,0,0.0,--.--,--.--,--.----,--.----
2026-10-05,01:56:33,HZ-NODE-15.local,NODE_15,1796,49.9,27.88,28.25,28.0606,0.0886
2026-10-05,02:56:34,HZ-SERVER.local,NODE_00,3597,99.9,27.25,27.62,27.4361,0.0814
2026-10-05,02:56:34,HZ-NODE-01.local,NODE_01,0,0.0,--.--,--.--,--.----,--.----
2026-10-05,02:56:34,HZ-NODE-02.local,NODE_02,0,0.0,--.--,--.--,--.----,--.----
2026-10-05,02:56:34,HZ-NODE-03.local,NODE_03,0,0.0,--.--,--.--,--.----,--.----
2026-10-05,02:56:34,HZ-NODE-04.local,NODE_04,0,0.0,--.--,--.--,--.----,--.----
2026-10-05,02:56:34,HZ-NODE-05.local,NODE_05,1799,50.0,27.50,27.88,27.6766,0.0838
2026-10-05,02:56:34,HZ-NODE-06.local,NODE_06,0,0.0,--.--,--.--,--.----,--.----
2026-10-05,02:56:34,HZ-NODE-07.local,NODE_07,0,0.0,--.--,--.--,--.----,--.----
2026-10-05,02:56:34,HZ-NODE-08.local,NODE_08,0,0.0,--.--,--.--,--.----,--.----
2026-10-05,02:56:34,HZ-NODE-09.local,NODE_09,0,0.0,--.--,--.--,--.----,--.----
2026-10-05,02:56:34,HZ-NODE-10.local,NODE_10,1798,49.9,27.44,27.81,27.6522,0.0887
2026-10-05,02:56:34,HZ-NODE-11.local,NODE_11,0,0.0,--.--,--.--,--.----,--.----
2026-10-05,02:56:34,HZ-NODE-12.local,NODE_12,0,0.0,--.--,--.--,--.----,--.----
2026-10-05,02:56:34,HZ-NODE-13.local,NODE_13,0,0.0,--.--,--.--,--.----,--.----
2026-10-05,02:56:34,HZ-NODE-14.local,NODE_14,0,0.0,--.--,--.--,--.----,--.----
2026-10-05,02:56:34,HZ-NODE-15.local,NODE_15,1797,49.9,27.56,27.94,27.7531,0.0900
2026-10-05,03:56:34,HZ-SERVER.local,NODE_00,3597,99.9,27.00,27.38,27.1515,0.0984
2026-10-05,03:56:34,HZ-NODE-01.local,NODE_01,0,0.0,--.--,--.--,--.----,--.----
2026-10-05,03:56:34,HZ-NODE-02.local,NODE_02,0,0.0,--.--,--.--,--.----,--.----
2026-10-05,03:56:34,HZ-NODE-03.local,NODE_03,0,0.0,--.--,--.--,--.----,--.----
2026-10-05,03:56:34,HZ-NODE-04.local,NODE_04,0,0.0,--.--,--.--,--.----,--.----
2026-10-05,03:56:34,HZ-NODE-05.local,NODE_05,1798,49.9,27.19,27.56,27.3829,0.0942
2026-10-05,03:56:34,HZ-NODE-06.local,NODE_06,0,0.0,--.--,--.--,--.----,--.----
2026-10-05,03:56:34,HZ-NODE-07.local,NODE_07,0,0.0,--.--,--.--,--.----,--.----
2026-10-05,03:56:34,HZ-NODE-08.local,NODE_08,0,0.0,--.--,--.--,--.----,--.----
2026-10-05,03:56:34,HZ-NODE-09.local,NODE_09,0,0.0,--.--,--.--,--.----,--.----
2026-10-05,03:56:34,HZ-NODE-10.local,NODE_10,1799,50.0,27.12,27.56,27.3428,0.1011
2026-10-05,03:56:34,HZ-NODE-11.local,NODE_11,0,0.0,--.--,--.--,--.----,--.----
2026-10-05,03:56:34,HZ-NODE-12.local,NODE_12,0,0.0,--.--,--.--,--.----,--.----
2026-10-05,03:56:34,HZ-NODE-13.local,NODE_13,0,0.0,--.--,--.--,--.----,--.----
2026-10-05,03:56:34,HZ-NODE-14.local,NODE_14,0,0.0,--.--,--.--,--.----,--.----
2026-10-05,03:56:34,HZ-NODE-15.local,NODE_15,1794,49.8,27.25,27.62,27.4484,0.1009
2026-10-05,04:56:35,HZ-SERVER.local,NODE_00,3597,99.9,26.69,27.06,26.8925,0.1049
2026-10-05,04:56:35,HZ-NODE-01.local,NODE_01,0,0.0,--.--,--.--,--.----,--.----
2026-10-05,04:56:35,HZ-NODE-02.local,NODE_02,0,0.0,--.--,--.--,--.----,--.----
2026-10-05,04:56:35,HZ-NODE-03.local,NODE_03,0,0.0,--.--,--.--,--.----,--.----
2026-10-05,04:56:35,HZ-NODE-04.local,NODE_04,0,0.0,--.--,--.--,--.----,--.----
2026-10-05,04:56:35,HZ-NODE-05.local,NODE_05,1799,50.0,26.88,27.31,27.1080,0.0980
2026-10-05,04:56:35,HZ-NODE-06.local,NODE_06,0,0.0,--.--,--.--,--.----,--.----
2026-10-05,04:56:35,HZ-NODE-07.local,NODE_07,0,0.0,--.--,--.--,--.----,--.----
2026-10-05,04:56:35,HZ-NODE-08.local,NODE_08,0,0.0,--.--,--.--,--.----,--.----
2026-10-05,04:56:35,HZ-NODE-09.local,NODE_09,0,0.0,--.--,--.--,--.----,--.----
2026-10-05,04:56:35,HZ-NODE-10.local,NODE_10,1798,49.9,26.81,27.25,27.0243,0.0919
2026-10-05,04:56:35,HZ-NODE-11.local,NODE_11,0,0.0,--.--,--.--,--.----,--.----
2026-10-05,04:56:35,HZ-NODE-12.local,NODE_12,0,0.0,--.--,--.--,--.----,--.----
2026-10-05,04:56:35,HZ-NODE-13.local,NODE_13,0,0.0,--.--,--.--,--.----,--.----
2026-10-05,04:56:35,HZ-NODE-14.local,NODE_14,0,0.0,--.--,--.--,--.----,--.----
2026-10-05,04:56:35,HZ-NODE-15.local,NODE_15,1793,49.8,26.94,27.31,27.1321,0.0928
2026-10-05,05:56:35,HZ-SERVER.local,NODE_00,3597,99.9,26.38,26.75,26.5830,0.0931
2026-10-05,05:56:35,HZ-NODE-01.local,NODE_01,0,0.0,--.--,--.--,--.----,--.----
2026-10-05,05:56:35,HZ-NODE-02.local,NODE_02,0,0.0,--.--,--.--,--.----,--.----
2026-10-05,05:56:35,HZ-NODE-03.local,NODE_03,0,0.0,--.--,--.--,--.----,--.----
2026-10-05,05:56:35,HZ-NODE-04.local,NODE_04,0,0.0,--.--,--.--,--.----,--.----
2026-10-05,05:56:35,HZ-NODE-05.local,NODE_05,1798,49.9,26.62,27.00,26.8059,0.0875
2026-10-05,05:56:35,HZ-NODE-06.local,NODE_06,0,0.0,--.--,--.--,--.----,--.----
2026-10-05,05:56:35,HZ-NODE-07.local,NODE_07,0,0.0,--.--,--.--,--.----,--.----
2026-10-05,05:56:35,HZ-NODE-08.local,NODE_08,0,0.0,--.--,--.--,--.----,--.----
2026-10-05,05:56:35,HZ-NODE-09.local,NODE_09,0,0.0,--.--,--.--,--.----,--.----
2026-10-05,05:56:35,HZ-NODE-10.local,NODE_10,1799,50.0,26.50,26.88,26.7108,0.0900
2026-10-05,05:56:35,HZ-NODE-11.local,NODE_11,0,0.0,--.--,--.--,--.----,--.----
2026-10-05,05:56:35,HZ-NODE-12.local,NODE_12,0,0.0,--.--,--.--,--.----,--.----
2026-10-05,05:56:35,HZ-NODE-13.local,NODE_13,0,0.0,--.--,--.--,--.----,--.----
2026-10-05,05:56:35,HZ-NODE-14.local,NODE_14,0,0.0,--.--,--.--,--.----,--.----
2026-10-05,05:56:35,HZ-NODE-15.local,NODE_15,1796,49.9,26.62,27.00,26.8048,0.0953
2026-10-05,06:56:36,HZ-SERVER.local,NODE_00,3597,99.9,26.06,26.44,26.2474,0.0919
2026-10-05,06:56:36,HZ-NODE-01.local,NODE_01,0,0.0,--.--,--.--,--.----,--.----
2026-10-05,06:56:36,HZ-NODE-02.local,NODE_02,0,0.0,--.--,--.--,--.----,--.----
2026-10-05,06:56:36,HZ-NODE-03.local,NODE_03,0,0.0,--.--,--.--,--.----,--.----
2026-10-05,06:56:36,HZ-NODE-04.local,NODE_04,0,0.0,--.--,--.--,--.----,--.----
2026-10-05,06:56:36,HZ-NODE-05.local,NODE_05,1806,50.1,26.31,26.69,26.5108,0.0970
2026-10-05,06:56:36,HZ-NODE-06.local,NODE_06,0,0.0,--.--,--.--,--.----,--.----
2026-10-05,06:56:36,HZ-NODE-07.local,NODE_07,0,0.0,--.--,--.--,--.----,--.----
2026-10-05,06:56:36,HZ-NODE-08.local,NODE_08,0,0.0,--.--,--.--,--.----,--.----
2026-10-05,06:56:36,HZ-NODE-09.local,NODE_09,0,0.0,--.--,--.--,--.----,--.----
2026-10-05,06:56:36,HZ-NODE-10.local,NODE_10,1811,50.3,26.25,26.62,26.4172,0.0964
2026-10-05,06:56:36,HZ-NODE-11.local,NODE_11,0,0.0,--.--,--.--,--.----,--.----
2026-10-05,06:56:36,HZ-NODE-12.local,NODE_12,0,0.0,--.--,--.--,--.----,--.----
2026-10-05,06:56:36,HZ-NODE-13.local,NODE_13,0,0.0,--.--,--.--,--.----,--.----
2026-10-05,06:56:36,HZ-NODE-14.local,NODE_14,0,0.0,--.--,--.--,--.----,--.----
2026-10-05,06:56:36,HZ-NODE-15.local,NODE_15,1815,50.4,26.31,26.69,26.4974,0.0930
2026-10-05,07:56:37,HZ-SERVER.local,NODE_00,3558,98.8,25.94,27.69,26.9318,0.5251
2026-10-05,07:56:37,HZ-NODE-01.local,NODE_01,0,0.0,--.--,--.--,--.----,--.----
2026-10-05,07:56:37,HZ-NODE-02.local,NODE_02,0,0.0,--.--,--.--,--.----,--.----
2026-10-05,07:56:37,HZ-NODE-03.local,NODE_03,0,0.0,--.--,--.--,--.----,--.----
2026-10-05,07:56:37,HZ-NODE-04.local,NODE_04,0,0.0,--.--,--.--,--.----,--.----
2026-10-05,07:56:37,HZ-NODE-05.local,NODE_05,1773,49.2,26.25,27.88,27.1318,0.4919
2026-10-05,07:56:37,HZ-NODE-06.local,NODE_06,0,0.0,--.--,--.--,--.----,--.----
2026-10-05,07:56:37,HZ-NODE-07.local,NODE_07,0,0.0,--.--,--.--,--.----,--.----
2026-10-05,07:56:37,HZ-NODE-08.local,NODE_08,0,0.0,--.--,--.--,--.----,--.----
2026-10-05,07:56:37,HZ-NODE-09.local,NODE_09,0,0.0,--.--,--.--,--.----,--.----
2026-10-05,07:56:37,HZ-NODE-10.local,NODE_10,1773,49.2,26.19,27.81,26.9963,0.4906
2026-10-05,07:56:37,HZ-NODE-11.local,NODE_11,0,0.0,--.--,--.--,--.----,--.----
2026-10-05,07:56:37,HZ-NODE-12.local,NODE_12,0,0.0,--.--,--.--,--.----,--.----
2026-10-05,07:56:37,HZ-NODE-13.local,NODE_13,0,0.0,--.--,--.--,--.----,--.----
2026-10-05,07:56:37,HZ-NODE-14.local,NODE_14,0,0.0,--.--,--.--,--.----,--.----
2026-10-05,07:56:37,HZ-NODE-15.local,NODE_15,1773,49.2,26.31,27.88,27.1032,0.4959
2026-10-05,08:56:37,HZ-SERVER.local,NODE_00,3554,98.7,26.38,26.62,26.4804,0.0463
2026-10-05,08:56:37,HZ-NODE-01.local,NODE_01,0,0.0,--.--,--.--,--.----,--.----
2026-10-05,08:56:37,HZ-NODE-02.local,NODE_02,0,0.0,--.--,--.--,--.----,--.----
2026-10-05,08:56:37,HZ-NODE-03.local,NODE_03,0,0.0,--.--,--.--,--.----,--.----
2026-10-05,08:56:37,HZ-NODE-04.local,NODE_04,0,0.0,--.--,--.--,--.----,--.----
2026-10-05,08:56:37,HZ-NODE-05.local,NODE_05,1769,49.1,26.50,26.81,26.6461,0.0503
2026-10-05,08:56:37,HZ-NODE-06.local,NODE_06,0,0.0,--.--,--.--,--.----,--.----
2026-10-05,08:56:37,HZ-NODE-07.local,NODE_07,0,0.0,--.--,--.--,--.----,--.----
2026-10-05,08:56:37,HZ-NODE-08.local,NODE_08,0,0.0,--.--,--.--,--.----,--.----
2026-10-05,08:56:37,HZ-NODE-09.local,NODE_09,0,0.0,--.--,--.--,--.----,--.----
2026-10-05,08:56:37,HZ-NODE-10.local,NODE_10,1771,49.2,26.38,26.69,26.5130,0.0514
2026-10-05,08:56:37,HZ-NODE-11.local,NODE_11,0,0.0,--.--,--.--,--.----,--.----
2026-10-05,08:56:37,HZ-NODE-12.local,NODE_12,0,0.0,--.--,--.--,--.----,--.----
2026-10-05,08:56:37,HZ-NODE-13.local,NODE_13,0,0.0,--.--,--.--,--.----,--.----
2026-10-05,08:56:37,HZ-NODE-14.local,NODE_14,0,0.0,--.--,--.--,--.----,--.----
2026-10-05,08:56:37,HZ-NODE-15.local,NODE_15,1769,49.1,26.56,26.81,26.6701,0.0538
